{
  "timestamp": "20250921-220509",
  "test_pr_auc": 0.6230593082155128,
  "test_roc_auc": 0.8696268147355605,
  "scout_cv_pr_auc": 0.5717300500471179,
  "threshold_tuned": 0.5335699555269775,
  "confusion_05": [
    [
      1609,
      186
    ],
    [
      107,
      195
    ]
  ],
  "confusion_tuned": [
    [
      1656,
      139
    ],
    [
      115,
      187
    ]
  ],
  "class_report_05": {
    "0": {
      "precision": 0.9376456876456877,
      "recall": 0.8963788300835654,
      "f1-score": 0.9165479920250641,
      "support": 1795.0
    },
    "1": {
      "precision": 0.5118110236220472,
      "recall": 0.6456953642384106,
      "f1-score": 0.5710102489019033,
      "support": 302.0
    },
    "accuracy": 0.860276585598474,
    "macro avg": {
      "precision": 0.7247283556338675,
      "recall": 0.771037097160988,
      "f1-score": 0.7437791204634837,
      "support": 2097.0
    },
    "weighted avg": {
      "precision": 0.8763189978339856,
      "recall": 0.860276585598474,
      "f1-score": 0.8667852841456198,
      "support": 2097.0
    }
  },
  "class_report_tuned": {
    "0": {
      "precision": 0.935064935064935,
      "recall": 0.9225626740947075,
      "f1-score": 0.928771733034212,
      "support": 1795.0
    },
    "1": {
      "precision": 0.5736196319018405,
      "recall": 0.6192052980132451,
      "f1-score": 0.5955414012738853,
      "support": 302.0
    },
    "accuracy": 0.8788745827372437,
    "macro avg": {
      "precision": 0.7543422834833877,
      "recall": 0.7708839860539762,
      "f1-score": 0.7621565671540487,
      "support": 2097.0
    },
    "weighted avg": {
      "precision": 0.883011295792043,
      "recall": 0.8788745827372437,
      "f1-score": 0.8807814802008221,
      "support": 2097.0
    }
  }
}